id;start_date;end_date;language
1;2021-04-03T22:16:15;2021-04-03T20:06:30;SPANISH
2;2021-04-03T07:43:50;2021-04-03T17:09:19;ENGLISH
3;2021-04-03T17:40:02;2021-04-03T05:45:10;ARAB
4;2021-04-03T22:10:51;2021-04-03T03:37:10;FRENCH
5;2021-04-04T00:27:14;2021-04-03T08:46:12;ENGLISH
6;2021-04-03T09:57:57;2021-04-03T23:58:17;ARAB
7;2021-04-03T18:01:45;2021-04-03T04:35:54;ENGLISH
8;2021-04-03T08:27:38;2021-04-03T05:03:27;FRENCH
9;2021-04-03T09:19:16;2021-04-03T20:50:42;ENGLISH
10;2021-04-03T05:16:14;2021-04-03T22:13:43;FRENCH
